{
    "accuracy": 9.23124964281005,
    "f1": 0.7193446238298478,
    "step": 9
}
