{
    "accuracy": 9.71137248624701,
    "f1": 0.5546278322355569,
    "step": 9
}
