step	Error
0	0.2694192103895596
1	0.4703088761251951
2	0.6314673561658577
3	0.8938661190460679
