step	Error
5	0.6903900590844801
50	0.975815945966783
500	0.39301816043935367
5000	0.256257333317663
