step	accuracy
0	0.7525428048420626
1	1.9700077539430954
2	2.065620901654594
3	3.6163434011278524
4	4.177216176530088
5	5.572186887340336
6	6.097919742382659
7	7.295982235298458
8	8.37489530289691
9	9.71137248624701
