step	accuracy
0	0.8785980938568603
1	1.5187166703756407
2	2.4225369066330877
3	3.0038159703303124
4	4.761654276487132
5	5.219650498070861
6	6.9969683960409315
7	7.772484233316877
8	8.834979050613054
9	9.23124964281005
