step	f1
0	9.189216814198051
1	8.37706101003872
2	7.867201431952733
3	6.26101142205383
4	5.826231230403611
5	4.504394373173841
6	3.5515338376825696
7	2.7706586327856044
8	1.2248318384457324
9	0.5546278322355569
