step	f1
0	9.290215853586824
1	8.547523128661066
2	7.7156611992489434
3	6.672269313146203
4	5.108229296146652
5	4.019599046285549
6	3.5634468123015983
7	2.7635986099564454
8	1.9564558599648567
9	0.7193446238298478
